County Name,FIPS Code - State,FIPS Code - County,geonames ID,wikidata ID,UNTL County String,UNTL Place Name String
Anderson,48,1,4670756,Q108391,"Anderson, TX",United States - Texas - Anderson County
Andrews,48,3,5516292,Q108534,"Andrews, TX",United States - Texas - Andrews County
Angelina,48,5,4670841,Q108379,"Angelina, TX",United States - Texas - Angelina County
Aransas,48,7,4671133,Q107982,"Aransas, TX",United States - Texas - Aransas County
Archer,48,9,4671180,Q108793,"Archer, TX",United States - Texas - Archer County
Armstrong,48,11,5516441,Q107977,"Armstrong, TX",United States - Texas - Armstrong County
Atascosa,48,13,4671531,Q108372,"Atascosa, TX",United States - Texas - Atascosa County
Austin,48,15,4671673,Q108386,"Austin, TX",United States - Texas - Austin County
Bailey,48,17,5516581,Q107973,"Bailey, TX",United States - Texas - Bailey County
Bandera,48,19,4672172,Q108367,"Bandera, TX",United States - Texas - Bandera County
Bastrop,48,21,4672581,Q108436,"Bastrop, TX",United States - Texas - Bastrop County
Baylor,48,23,4672691,Q108520,"Baylor, TX",United States - Texas - Baylor County
Bee,48,25,4673147,Q108397,"Bee, TX",United States - Texas - Bee County
Bell,48,27,4673310,Q108428,"Bell, TX",United States - Texas - Bell County
Bexar,48,29,4674023,Q16861,"Bexar, TX",United States - Texas - Bexar County
Blanco,48,31,4674915,Q26914,"Blanco, TX",United States - Texas - Blanco County
Borden,48,33,5517459,Q108866,"Borden, TX",United States - Texas - Borden County
Bosque,48,35,4675728,Q108424,"Bosque, TX",United States - Texas - Bosque County
Bowie,48,37,4675805,Q108612,"Bowie, TX",United States - Texas - Bowie County
Brazoria,48,39,4676137,Q27034,"Brazoria, TX",United States - Texas - Brazoria County
Brazos,48,41,4676153,Q26601,"Brazos, TX",United States - Texas - Brazos County
Brewster,48,43,5517580,Q109160,"Brewster, TX",United States - Texas - Brewster County
Briscoe,48,45,5517598,Q109165,"Briscoe, TX",United States - Texas - Briscoe County
Brooks,48,47,4676547,Q26584,"Brooks, TX",United States - Texas - Brooks County
Brown,48,49,4676632,Q109170,"Brown, TX",United States - Texas - Brown County
Burleson,48,51,4677558,Q108821,"Burleson, TX",United States - Texas - Burleson County
Burnet,48,53,4677612,Q108784,"Burnet, TX",United States - Texas - Burnet County
Caldwell,48,55,4678113,Q26591,"Caldwell, TX",United States - Texas - Caldwell County
Calhoun,48,57,4678165,Q26605,"Calhoun, TX",United States - Texas - Calhoun County
Callahan,48,59,4678206,Q108827,"Callahan, TX",United States - Texas - Callahan County
Cameron,48,61,4678364,Q27051,"Cameron, TX",United States - Texas - Cameron County
Camp,48,63,4678446,Q108837,"Camp, TX",United States - Texas - Camp County
Carson,48,65,5518353,Q109155,"Carson, TX",United States - Texas - Carson County
Cass,48,67,4679435,Q109150,"Cass, TX",United States - Texas - Cass County
Castro,48,69,5518431,Q109830,"Castro, TX",United States - Texas - Castro County
Chambers,48,71,4680335,Q26598,"Chambers, TX",United States - Texas - Chambers County
Cherokee,48,73,4680611,Q108842,"Cherokee, TX",United States - Texas - Cherokee County
Childress,48,75,5518760,Q109751,"Childress, TX",United States - Texas - Childress County
Clay,48,77,4681782,Q109631,"Clay, TX",United States - Texas - Clay County
Cochran,48,79,5519156,Q109779,"Cochran, TX",United States - Texas - Cochran County
Coke,48,81,5519174,Q108846,"Coke, TX",United States - Texas - Coke County
Coleman,48,83,4682392,Q109825,"Coleman, TX",United States - Texas - Coleman County
Collin,48,85,4682500,Q111174,"Collin, TX",United States - Texas - Collin County
Collingsworth,48,87,5519229,Q111647,"Collingsworth, TX",United States - Texas - Collingsworth County
Colorado,48,89,4682626,Q26885,"Colorado, TX",United States - Texas - Colorado County
Comal,48,91,4682688,Q109204,"Comal, TX",United States - Texas - Comal County
Comanche,48,93,4682707,Q108952,"Comanche, TX",United States - Texas - Comanche County
Concho,48,95,4682862,Q109795,"Concho, TX",United States - Texas - Concho County
Cooke,48,97,4683066,Q109636,"Cooke, TX",United States - Texas - Cooke County
Coryell,48,99,4683477,Q109785,"Coryell, TX",United States - Texas - Coryell County
Cottle,48,101,5519440,Q109622,"Cottle, TX",United States - Texas - Cottle County
Crane,48,103,5519649,Q109447,"Crane, TX",United States - Texas - Crane County
Crockett,48,105,5519699,Q8989284,"Crockett, TX",United States - Texas - Crockett County
Crosby,48,107,5519715,Q109279,"Crosby, TX",United States - Texas - Crosby County
Culberson,48,109,5519788,Q108607,"Culberson, TX",United States - Texas - Culberson County
Dallam,48,111,5519868,Q109303,"Dallam, TX",United States - Texas - Dallam County
Dallas,48,113,4684904,Q111168,"Dallas, TX",United States - Texas - Dallas County
Dawson,48,115,5519946,Q110670,"Dawson, TX",United States - Texas - Dawson County
Deaf Smith,48,117,5520004,Q109804,"Deaf Smith, TX",United States - Texas - Deaf Smith County
Delta,48,119,4685841,Q109289,"Delta, TX",United States - Texas - Delta County
Denton,48,121,4685912,Q128306,"Denton, TX",United States - Texas - Denton County
De Witt,48,123,4685527,Q26712,"De Witt, TX",United States - Texas - De Witt County
Dickens,48,125,5520187,Q108962,"Dickens, TX",United States - Texas - Dickens County
Dimmit,48,127,4686231,Q26619,"Dimmit, TX",United States - Texas - Dimmit County
Donley,48,129,5520330,Q109451,"Donley, TX",United States - Texas - Donley County
Duval,48,131,4687437,Q27037,"Duval, TX",United States - Texas - Duval County
Eastland,48,133,4688072,Q156270,"Eastland, TX",United States - Texas - Eastland County
Ector,48,135,5520910,Q109810,"Ector, TX",United States - Texas - Ector County
Edwards,48,137,5520940,Q26595,"Edwards, TX",United States - Texas - Edwards County
Ellis,48,139,4688864,Q110130,"Ellis, TX",United States - Texas - Ellis County
El Paso,48,141,5521001,Q108494,"El Paso, TX",United States - Texas - El Paso County
Erath,48,143,4689391,Q110500,"Erath, TX",United States - Texas - Erath County
Falls,48,145,4690103,Q27238,"Falls, TX",United States - Texas - Falls County
Fannin,48,147,4690140,Q111593,"Fannin, TX",United States - Texas - Fannin County
Fayette,48,149,4690287,Q110755,"Fayette, TX",United States - Texas - Fayette County
Fisher,48,151,5521544,Q109975,"Fisher, TX",United States - Texas - Fisher County
Floyd,48,153,5521640,Q110528,"Floyd, TX",United States - Texas - Floyd County
Foard,48,155,4691668,Q110750,"Foard, TX",United States - Texas - Foard County
Fort Bend,48,157,4691851,Q26895,"Fort Bend, TX",United States - Texas - Fort Bend County
Franklin,48,159,4692203,Q110624,"Franklin, TX",United States - Texas - Franklin County
Freestone,48,161,4692377,Q110565,"Freestone, TX",United States - Texas - Freestone County
Frio,48,163,4692545,Q27011,"Frio, TX",United States - Texas - Frio County
Gaines,48,165,5521974,Q109836,"Gaines, TX",United States - Texas - Gaines County
Galveston,48,167,4692856,Q26587,"Galveston, TX",United States - Texas - Galveston County
Garza,48,169,5522043,Q111663,"Garza, TX",United States - Texas - Garza County
Gillespie,48,171,4693544,Q27024,"Gillespie, TX",United States - Texas - Gillespie County
Glasscock,48,173,5522162,Q109293,"Glasscock, TX",United States - Texas - Glasscock County
Goliad,48,175,4693922,Q27233,"Goliad, TX",United States - Texas - Goliad County
Gonzales,48,177,4693951,Q26614,"Gonzales, TX",United States - Texas - Gonzales County
Gray,48,179,5522430,Q109312,"Gray, TX",United States - Texas - Gray County
Grayson,48,181,4694710,Q109457,"Grayson, TX",United States - Texas - Grayson County
Gregg,48,183,4695143,Q109275,"Gregg, TX",United States - Texas - Gregg County
Grimes,48,185,4695236,Q26616,"Grimes, TX",United States - Texas - Grimes County
Guadalupe,48,187,4695361,Q26610,"Guadalupe, TX",United States - Texas - Guadalupe County
Hale,48,189,5522717,Q111622,"Hale, TX",United States - Texas - Hale County
Hall,48,191,5522740,Q108803,"Hall, TX",United States - Texas - Hall County
Hamilton,48,193,4695945,Q109308,"Hamilton, TX",United States - Texas - Hamilton County
Hansford,48,195,5522806,Q109646,"Hansford, TX",United States - Texas - Hansford County
Hardeman,48,197,4696131,Q109317,"Hardeman, TX",United States - Texas - Hardeman County
Hardin,48,199,4696143,Q109270,"Hardin, TX",United States - Texas - Hardin County
Harris,48,201,4696376,Q26676,"Harris, TX",United States - Texas - Harris County
Harrison,48,203,4696450,Q110904,"Harrison, TX",United States - Texas - Harrison County
Hartley,48,205,5522887,Q112714,"Hartley, TX",United States - Texas - Hartley County
Haskell,48,207,4696596,Q112768,"Haskell, TX",United States - Texas - Haskell County
Hays,48,209,4696788,Q27018,"Hays, TX",United States - Texas - Hays County
Hemphill,48,211,5523019,Q112078,"Hemphill, TX",United States - Texas - Hemphill County
Henderson,48,213,4697070,Q112793,"Henderson, TX",United States - Texas - Henderson County
Hidalgo,48,215,4697444,Q26519,"Hidalgo, TX",United States - Texas - Hidalgo County
Hill,48,217,4697746,Q110384,"Hill, TX",United States - Texas - Hill County
Hockley,48,219,5523240,Q483847,"Hockley, TX",United States - Texas - Hockley County
Hood,48,221,4698632,Q485912,"Hood, TX",United States - Texas - Hood County
Hopkins,48,223,4698747,Q112115,"Hopkins, TX",United States - Texas - Hopkins County
Houston,48,225,4699084,Q156496,"Houston, TX",United States - Texas - Houston County
Howard,48,227,5523520,Q111380,"Howard, TX",United States - Texas - Howard County
Hudspeth,48,229,5523551,Q110257,"Hudspeth, TX",United States - Texas - Hudspeth County
Hunt,48,231,4699487,Q111729,"Hunt, TX",United States - Texas - Hunt County
Hutchinson,48,233,5523630,Q484542,"Hutchinson, TX",United States - Texas - Hutchinson County
Irion,48,235,5523809,Q156582,"Irion, TX",United States - Texas - Irion County
Jack,48,237,4700414,Q112673,"Jack, TX",United States - Texas - Jack County
Jackson,48,239,4700488,Q110262,"Jackson, TX",United States - Texas - Jackson County
Jasper,48,241,4700729,Q110575,"Jasper, TX",United States - Texas - Jasper County
Jeff Davis,48,243,5523967,Q484535,"Jeff Davis, TX",United States - Texas - Jeff Davis County
Jefferson,48,245,4700821,Q156471,"Jefferson, TX",United States - Texas - Jefferson County
Jim Hogg,48,247,4701059,Q279452,"Jim Hogg, TX",United States - Texas - Jim Hogg County
Jim Wells,48,249,4701084,Q111753,"Jim Wells, TX",United States - Texas - Jim Wells County
Johnson,48,251,4701348,Q113843,"Johnson, TX",United States - Texas - Johnson County
Jones,48,253,4701505,Q483895,"Jones, TX",United States - Texas - Jones County
Karnes,48,255,4702669,Q111385,"Karnes, TX",United States - Texas - Karnes County
Kaufman,48,257,4702735,Q110486,"Kaufman, TX",United States - Texas - Kaufman County
Kendall,48,259,4702947,Q115428,"Kendall, TX",United States - Texas - Kendall County
Kenedy,48,261,4702968,Q27031,"Kenedy, TX",United States - Texas - Kenedy County
Kent,48,263,5524519,Q110978,"Kent, TX",United States - Texas - Kent County
Kerr,48,265,4703071,Q26528,"Kerr, TX",United States - Texas - Kerr County
Kimble,48,267,4703256,Q26526,"Kimble, TX",United States - Texas - Kimble County
King,48,269,5524574,Q110764,"King, TX",United States - Texas - King County
Kinney,48,271,5524590,Q110983,"Kinney, TX",United States - Texas - Kinney County
Kleberg,48,273,4703486,Q26527,"Kleberg, TX",United States - Texas - Kleberg County
Knox,48,275,4703582,Q110570,"Knox, TX",United States - Texas - Knox County
Lamar,48,277,4705086,Q113313,"Lamar, TX",United States - Texas - Lamar County
Lamb,48,279,5524844,Q112781,"Lamb, TX",United States - Texas - Lamb County
Lampasas,48,281,4705179,Q113919,"Lampasas, TX",United States - Texas - Lampasas County
La Salle,48,283,4704157,Q156440,"La Salle, TX",United States - Texas - La Salle County
Lavaca,48,285,4705575,Q27023,"Lavaca, TX",United States - Texas - Lavaca County
Lee,48,287,4705758,Q27025,"Lee, TX",United States - Texas - Lee County
Leon,48,289,4705899,Q27021,"Leon, TX",United States - Texas - Leon County
Liberty,48,291,4706143,Q26719,"Liberty, TX",United States - Texas - Liberty County
Limestone,48,293,4706335,Q109616,"Limestone, TX",United States - Texas - Limestone County
Lipscomb,48,295,5525131,Q112584,"Lipscomb, TX",United States - Texas - Lipscomb County
Live Oak,48,297,4707076,Q114043,"Live Oak, TX",United States - Texas - Live Oak County
Llano,48,299,4707196,Q110336,"Llano, TX",United States - Texas - Llano County
Loving,48,301,5525514,Q109209,"Loving, TX",United States - Texas - Loving County
Lubbock,48,303,5525584,Q111790,"Lubbock, TX",United States - Texas - Lubbock County
Lynn,48,305,5525637,Q114323,"Lynn, TX",United States - Texas - Lynn County
McCulloch,48,307,4709977,Q112149,"McCulloch, TX",United States - Texas - McCulloch County
McLennan,48,309,4710229,Q111368,"McLennan, TX",United States - Texas - McLennan County
McMullen,48,311,4710259,Q26735,"McMullen, TX",United States - Texas - McMullen County
Madison,48,313,4708691,Q113117,"Madison, TX",United States - Texas - Madison County
Marion,48,315,4709165,Q112125,"Marion, TX",United States - Texas - Marion County
Martin,48,317,5525816,Q484551,"Martin, TX",United States - Texas - Martin County
Mason,48,319,4709509,Q111374,"Mason, TX",United States - Texas - Mason County
Matagorda,48,321,4709580,Q485910,"Matagorda, TX",United States - Texas - Matagorda County
Maverick,48,323,5525886,Q113984,"Maverick, TX",United States - Texas - Maverick County
Medina,48,325,4710490,Q110421,"Medina, TX",United States - Texas - Medina County
Menard,48,327,4710698,Q111821,"Menard, TX",United States - Texas - Menard County
Midland,48,329,5526341,Q483937,"Midland, TX",United States - Texas - Midland County
Milam,48,331,4711286,Q26716,"Milam, TX",United States - Texas - Milam County
Mills,48,333,4711560,Q156463,"Mills, TX",United States - Texas - Mills County
Mitchell,48,335,5526473,Q112442,"Mitchell, TX",United States - Texas - Mitchell County
Montague,48,337,4711974,Q484574,"Montague, TX",United States - Texas - Montague County
Montgomery,48,339,4712041,Q26756,"Montgomery, TX",United States - Texas - Montgomery County
Moore,48,341,5526589,Q156464,"Moore, TX",United States - Texas - Moore County
Morris,48,343,4712390,Q156388,"Morris, TX",United States - Texas - Morris County
Motley,48,345,5526681,Q483888,"Motley, TX",United States - Texas - Motley County
Nacogdoches,48,347,4713738,Q156455,"Nacogdoches, TX",United States - Texas - Nacogdoches County
Navarro,48,349,4713849,Q112603,"Navarro, TX",United States - Texas - Navarro County
Newton,48,351,4714720,Q112565,"Newton, TX",United States - Texas - Newton County
Nolan,48,353,5527151,Q114026,"Nolan, TX",United States - Texas - Nolan County
Nueces,48,355,4715635,Q483893,"Nueces, TX",United States - Texas - Nueces County
Ochiltree,48,357,5527543,Q485920,"Ochiltree, TX",United States - Texas - Ochiltree County
Oldham,48,359,5527746,Q112526,"Oldham, TX",United States - Texas - Oldham County
Orange,48,361,4716826,Q8989284,"Orange, TX",United States - Texas - Orange County
Palo Pinto,48,363,4717377,Q484567,"Palo Pinto, TX",United States - Texas - Palo Pinto County
Panola,48,365,4717434,Q156380,"Panola, TX",United States - Texas - Panola County
Parker,48,367,4717644,Q110779,"Parker, TX",United States - Texas - Parker County
Parmer,48,369,5528077,Q484521,"Parmer, TX",United States - Texas - Parmer County
Pecos,48,371,5528185,Q114459,"Pecos, TX",United States - Texas - Pecos County
Polk,48,373,4719903,Q113375,"Polk, TX",United States - Texas - Polk County
Potter,48,375,5528613,Q113293,"Potter, TX",United States - Texas - Potter County
Presidio,48,377,5528673,Q113962,"Presidio, TX",United States - Texas - Presidio County
Rains,48,379,4721307,Q112698,"Rains, TX",United States - Texas - Rains County
Randall,48,381,5528909,Q112086,"Randall, TX",United States - Texas - Randall County
Reagan,48,383,5528987,Q111851,"Reagan, TX",United States - Texas - Reagan County
Real,48,385,4721747,Q26710,"Real, TX",United States - Texas - Real County
Red River,48,387,4721949,Q484570,"Red River, TX",United States - Texas - Red River County
Reeves,48,389,5529174,Q112550,"Reeves, TX",United States - Texas - Reeves County
Refugio,48,391,4722147,Q26705,"Refugio, TX",United States - Texas - Refugio County
Roberts,48,393,5529403,Q114445,"Roberts, TX",United States - Texas - Roberts County
Robertson,48,395,4723147,Q26506,"Robertson, TX",United States - Texas - Robertson County
Rockwall,48,397,4723410,Q111391,"Rockwall, TX",United States - Texas - Rockwall County
Runnels,48,399,4724312,Q112634,"Runnels, TX",United States - Texas - Runnels County
Rusk,48,401,4724363,Q110773,"Rusk, TX",United States - Texas - Rusk County
Sabine,48,403,4724540,Q26889,"Sabine, TX",United States - Texas - Sabine County
San Augustine,48,405,4726259,Q26744,"San Augustine, TX",United States - Texas - San Augustine County
San Jacinto,48,407,4726377,Q111744,"San Jacinto, TX",United States - Texas - San Jacinto County
San Patricio,48,409,4726521,Q113132,"San Patricio, TX",United States - Texas - San Patricio County
San Saba,48,411,4726585,Q484586,"San Saba, TX",United States - Texas - San Saba County
Schleicher,48,413,5530333,Q110760,"Schleicher, TX",United States - Texas - Schleicher County
Scurry,48,415,5530399,Q111759,"Scurry, TX",United States - Texas - Scurry County
Shackelford,48,417,4727962,Q114550,"Shackelford, TX",United States - Texas - Shackelford County
Shelby,48,419,4728231,Q110389,"Shelby, TX",United States - Texas - Shelby County
Sherman,48,421,5530618,Q114423,"Sherman, TX",United States - Texas - Sherman County
Smith,48,423,4729130,Q156278,"Smith, TX",United States - Texas - Smith County
Somervell,48,425,4732807,Q111844,"Somervell, TX",United States - Texas - Somervell County
Starr,48,427,4734150,Q26762,"Starr, TX",United States - Texas - Starr County
Stephens,48,429,4734326,Q114529,"Stephens, TX",United States - Texas - Stephens County
Sterling,48,431,5531748,Q156618,"Sterling, TX",United States - Texas - Sterling County
Stonewall,48,433,5531802,Q113906,"Stonewall, TX",United States - Texas - Stonewall County
Sutton,48,435,5531955,Q26891,"Sutton, TX",United States - Texas - Sutton County
Swisher,48,437,5531988,Q112882,"Swisher, TX",United States - Texas - Swisher County
Tarrant,48,439,4735638,Q110412,"Tarrant, TX",United States - Texas - Tarrant County
Taylor,48,441,4735729,Q490287,"Taylor, TX",United States - Texas - Taylor County
Terrell,48,443,5532186,Q26898,"Terrell, TX",United States - Texas - Terrell County
Terry,48,445,5532197,Q113864,"Terry, TX",United States - Texas - Terry County
Throckmorton,48,447,4736742,Q113854,"Throckmorton, TX",United States - Texas - Throckmorton County
Titus,48,449,4736982,Q113096,"Titus, TX",United States - Texas - Titus County
Tom Green,48,451,5532405,Q113396,"Tom Green, TX",United States - Texas - Tom Green County
Travis,48,453,4737316,Q110426,"Travis, TX",United States - Texas - Travis County
Trinity,48,455,4737562,Q27009,"Trinity, TX",United States - Texas - Trinity County
Tyler,48,457,4738216,Q26502,"Tyler, TX",United States - Texas - Tyler County
Upshur,48,459,4738689,Q111782,"Upshur, TX",United States - Texas - Upshur County
Upton,48,461,5532876,Q113940,"Upton, TX",United States - Texas - Upton County
Uvalde,48,463,4738723,Q26697,"Uvalde, TX",United States - Texas - Uvalde County
Val Verde,48,465,5532889,Q26730,"Val Verde, TX",United States - Texas - Val Verde County
Van Zandt,48,467,4738915,Q113834,"Van Zandt, TX",United States - Texas - Van Zandt County
Victoria,48,469,4739167,Q26699,"Victoria, TX",United States - Texas - Victoria County
Walker,48,471,4739690,Q26883,"Walker, TX",United States - Texas - Walker County
Waller,48,473,4739804,Q26701,"Waller, TX",United States - Texas - Waller County
Ward,48,475,5533109,Q114301,"Ward, TX",United States - Texas - Ward County
Washington,48,477,4740157,Q156444,"Washington, TX",United States - Texas - Washington County
Webb,48,479,4740399,Q484183,"Webb, TX",United States - Texas - Webb County
Wharton,48,481,4741328,Q483916,"Wharton, TX",United States - Texas - Wharton County
Wheeler,48,483,5533544,Q111766,"Wheeler, TX",United States - Texas - Wheeler County
Wichita,48,485,4741751,Q115433,"Wichita, TX",United States - Texas - Wichita County
Wilbarger,48,487,4741797,Q114339,"Wilbarger, TX",United States - Texas - Wilbarger County
Willacy,48,489,4741939,Q114503,"Willacy, TX",United States - Texas - Willacy County
Williamson,48,491,4742143,Q112686,"Williamson, TX",United States - Texas - Williamson County
Wilson,48,493,4742425,Q156479,"Wilson, TX",United States - Texas - Wilson County
Winkler,48,495,5534055,Q114479,"Winkler, TX",United States - Texas - Winkler County
Wise,48,497,4742676,Q111316,"Wise, TX",United States - Texas - Wise County
Wood,48,499,4742850,Q112652,"Wood, TX",United States - Texas - Wood County
Yoakum,48,501,5534225,Q112619,"Yoakum, TX",United States - Texas - Yoakum County
Young,48,503,4743474,Q156613,"Young, TX",United States - Texas - Young County
Zapata,48,505,4743577,Q109298,"Zapata, TX",United States - Texas - Zapata County
Zavala,48,507,4743595,Q110407,"Zavala, TX",United States - Texas - Zavala County
